value#0,value#1,value#2,value#3,value#4,value#5,value#6,value#7,value#8,value#9
2.8185158,0.0,38.13652,60.42435,22.986671,2.9325562,0.0,4.2149997,29.016134,7.5873923
