value#0,value#1
0.99727875,0.0027212624
